<?xml version="1.0" encoding="UTF-8"?>
<project-private xmlns="http://www.netbeans.org/ns/project-private/1">
    <editor-bookmarks xmlns="http://www.netbeans.org/ns/editor-bookmarks/2" lastBookmarkId="0"/>
    <open-files xmlns="http://www.netbeans.org/ns/projectui-open-files/2">
        <group>
            <file>file:/C:/Users/Brenna/Dropbox/Keene%20State%202015-2016/Spring%202016/Software%20Engineering%20Project/Prototype/CAMS/src/main/java/cams/cras/CropAddController.java</file>
            <file>file:/C:/Users/Brenna/Dropbox/Keene%20State%202015-2016/Spring%202016/Software%20Engineering%20Project/Prototype/CAMS/src/main/java/cams/database/DatabaseController.java</file>
            <file>file:/C:/Users/Brenna/Dropbox/Keene%20State%202015-2016/Spring%202016/Software%20Engineering%20Project/Prototype/CAMS/src/main/java/cams/cras/ViewCropController.java</file>
            <file>file:/C:/Users/Brenna/Dropbox/Keene%20State%202015-2016/Spring%202016/Software%20Engineering%20Project/Prototype/CAMS/src/main/java/cams/cras/CrasMenuController.java</file>
            <file>file:/C:/Users/Brenna/Dropbox/Keene%20State%202015-2016/Spring%202016/Software%20Engineering%20Project/Prototype/CAMS/src/main/java/cams/CAMS.java</file>
        </group>
    </open-files>
</project-private>
